support,itemsets
0.020397280362618318,almonds
0.008932142381015865,antioxydant juice
0.004799360085321957,asparagus
0.03332888948140248,avocado
0.004532728969470737,babies food
0.008665511265164644,bacon
0.010798560191974404,barbecue sauce
0.014264764698040262,black tea
0.009198773496867084,blueberries
0.011465137981602452,body spray
0.03372883615517931,brownies
0.008665511265164644,bug spray
0.005865884548726837,burger sauce
0.0871883748833489,burgers
0.030129316091187842,butter
0.08105585921877083,cake
0.009732035728569524,candy bars
0.01533128916144514,carrots
0.004799360085321957,cauliflower
0.025729902679642713,cereals
0.04679376083188908,champagne
0.05999200106652446,chicken
0.0061325156645780565,chili
0.1638448206905746,chocolate
0.004266097853619517,chocolate bread
0.0041327822956939075,chutney
0.010531929076123183,cider
0.008398880149313425,clothes accessories
0.08038928142914278,cookies
0.0510598586855086,cooking oil
0.004799360085321957,corn
0.03186241834422077,cottage cheese
0.004399413411545127,dessert wine
0.013198240234635382,eggplant
0.17970937208372217,eggs
0.027063058258898813,energy bar
0.026663111585121985,energy drink
0.0793227569657379,escalope
0.011998400213304892,extra dark chocolate
0.009065457938941474,flax seed
0.1709105452606319,french fries
0.022530329289428077,french wine
0.043060925209972005,fresh bread
0.022263698173576856,fresh tuna
0.013598186908412212,fromage blanc
0.06332489001466471,frozen smoothie
0.09532062391681109,frozen vegetables
0.006932409012131715,gluten free bar
0.0523930142647647,grated cheese
0.008665511265164644,green beans
0.009065457938941474,green grapes
0.13211571790427942,green tea
0.09825356619117451,ground beef
0.013464871350486601,gums
0.026529796027196375,ham
0.005199306759098787,hand protein bar
0.04946007199040128,herb & pepper
0.047460338621517134,honey
0.03239568057592321,hot dogs
0.004399413411545127,ketchup
0.01559792027729636,light cream
0.027196373816824423,light mayo
0.07652313024930009,low fat yogurt
0.010931875749900012,magazines
0.0041327822956939075,mashed potato
0.0061325156645780565,mayonnaise
0.020930542594320756,meatballs
0.011998400213304892,melons
0.12958272230369283,milk
0.23836821757099053,mineral water
0.0174643380882549,mint
0.005599253432875617,mint green tea
0.024130115984535395,muffins
0.019064124783362217,mushroom cream sauce
0.010398613518197574,nonfat milk
0.004399413411545127,oatmeal
0.023063591521130515,oil
0.0658578856152513,olive oil
0.09505399280095987,pancakes
0.01986401813091588,parmesan cheese
0.01573123583522197,pasta
0.026529796027196375,pepper
0.006532462338354886,pet food
0.005999200106652446,pickles
0.01853086255165978,protein bar
0.028129582722303693,red wine
0.018797493667511,rice
0.004932675643247567,salad
0.04252766297826956,salmon
0.009198773496867084,salt
0.004532728969470737,sandwich
0.007732302359685375,shallot
0.004932675643247567,shampoo
0.07145713904812692,shrimp
0.006265831222503666,soda
0.05052659645380616,soup
0.17411011865084655,spaghetti
0.006265831222503666,sparkling water
0.007065724570057326,spinach
0.021330489268097587,strawberries
0.007732302359685375,strong cheese
0.0038661511798426876,tea
0.030395947207039063,tomato juice
0.014131449140114652,tomato sauce
0.06839088121583789,tomatoes
0.008132249033462205,toothpaste
0.06252499666711105,turkey
0.025729902679642713,vegetables mix
0.01653112918277563,white wine
0.009332089054792695,whole weat flour
0.029462738301559793,whole wheat pasta
0.058525529929342755,whole wheat rice
0.011465137981602452,yams
0.027329689374750034,yogurt cake
0.009465404612718305,zucchini
0.005199306759098787,"almonds, burgers"
0.0030662578322890282,"almonds, cake"
0.005999200106652446,"almonds, chocolate"
0.006532462338354886,"almonds, eggs"
0.004399413411545127,"almonds, french fries"
0.0030662578322890282,"almonds, frozen vegetables"
0.005065991201173177,"almonds, green tea"
0.0038661511798426876,"almonds, ground beef"
0.005199306759098787,"almonds, milk"
0.007598986801759766,"almonds, mineral water"
0.0030662578322890282,"almonds, pancakes"
0.005999200106652446,"almonds, spaghetti"
0.004532728969470737,"avocado, burgers"
0.004266097853619517,"avocado, cake"
0.007065724570057326,"avocado, chocolate"
0.005599253432875617,"avocado, eggs"
0.007998933475536596,"avocado, french fries"
0.005065991201173177,"avocado, frozen smoothie"
0.004666044527396347,"avocado, frozen vegetables"
0.006265831222503666,"avocado, green tea"
0.0037328356219170776,"avocado, ground beef"
0.003199573390214638,"avocado, honey"
0.007465671243834155,"avocado, milk"
0.011598453539528063,"avocado, mineral water"
0.0034662045060658577,"avocado, olive oil"
0.004399413411545127,"avocado, pancakes"
0.0030662578322890282,"avocado, shrimp"
0.004399413411545127,"avocado, soup"
0.007998933475536596,"avocado, spaghetti"
0.0034662045060658577,"avocado, tomatoes"
0.0037328356219170776,"avocado, turkey"
0.0038661511798426876,"avocado, whole wheat rice"
0.0030662578322890282,"bacon, mineral water"
0.003199573390214638,"bacon, spaghetti"
0.0035995200639914677,"barbecue sauce, eggs"
0.0038661511798426876,"barbecue sauce, mineral water"
0.004932675643247567,"black tea, eggs"
0.004266097853619517,"black tea, milk"
0.005332622317024397,"black tea, mineral water"
0.004532728969470737,"black tea, spaghetti"
0.0035995200639914677,"blueberries, mineral water"
0.0034662045060658577,"blueberries, spaghetti"
0.004266097853619517,"body spray, french fries"
0.0041327822956939075,"body spray, mineral water"
0.003332888948140248,"brownies, burgers"
0.005465937874950006,"brownies, cake"
0.004932675643247567,"brownies, chocolate"
0.0034662045060658577,"brownies, cottage cheese"
0.007332355685908546,"brownies, eggs"
0.007865617917610986,"brownies, french fries"
0.004399413411545127,"brownies, frozen vegetables"
0.006665777896280496,"brownies, green tea"
0.004932675643247567,"brownies, ground beef"
0.003199573390214638,"brownies, low fat yogurt"
0.005465937874950006,"brownies, milk"
0.009598720170643914,"brownies, mineral water"
0.0037328356219170776,"brownies, olive oil"
0.005465937874950006,"brownies, pancakes"
0.003199573390214638,"brownies, shrimp"
0.007332355685908546,"brownies, spaghetti"
0.0030662578322890282,"burgers, butter"
0.011465137981602452,"burgers, cake"
0.0034662045060658577,"burgers, cereals"
0.0038661511798426876,"burgers, champagne"
0.006265831222503666,"burgers, chicken"
0.017064391414478068,"burgers, chocolate"
0.005599253432875617,"burgers, cookies"
0.005732568990801226,"burgers, cooking oil"
0.003332888948140248,"burgers, cottage cheese"
0.02879616051193174,"burgers, eggs"
0.007065724570057326,"burgers, escalope"
0.021997067057725635,"burgers, french fries"
0.0041327822956939075,"burgers, french wine"
0.003999466737768298,"burgers, fresh bread"
0.0035995200639914677,"burgers, fresh tuna"
0.007199040127982935,"burgers, frozen smoothie"
0.010531929076123183,"burgers, frozen vegetables"
0.005465937874950006,"burgers, grated cheese"
0.0174643380882549,"burgers, green tea"
0.011998400213304892,"burgers, ground beef"
0.005599253432875617,"burgers, ham"
0.0041327822956939075,"burgers, herb & pepper"
0.006265831222503666,"burgers, honey"
0.0038661511798426876,"burgers, hot dogs"
0.003332888948140248,"burgers, light mayo"
0.006665777896280496,"burgers, low fat yogurt"
0.01786428476203173,"burgers, milk"
0.024396747100386616,"burgers, mineral water"
0.006399146780429276,"burgers, olive oil"
0.010531929076123183,"burgers, pancakes"
0.0037328356219170776,"burgers, red wine"
0.004532728969470737,"burgers, salmon"
0.008798826823090255,"burgers, shrimp"
0.006265831222503666,"burgers, soup"
0.021463804826023197,"burgers, spaghetti"
0.003332888948140248,"burgers, tomato juice"
0.008265564591387815,"burgers, tomatoes"
0.010665244634048793,"burgers, turkey"
0.0037328356219170776,"burgers, whole wheat pasta"
0.008932142381015865,"burgers, whole wheat rice"
0.004266097853619517,"butter, chicken"
0.008265564591387815,"butter, chocolate"
0.0030662578322890282,"butter, cooking oil"
0.0061325156645780565,"butter, eggs"
0.0061325156645780565,"butter, french fries"
0.0038661511798426876,"butter, frozen vegetables"
0.0030662578322890282,"butter, grated cheese"
0.007332355685908546,"butter, green tea"
0.0038661511798426876,"butter, ground beef"
0.004399413411545127,"butter, low fat yogurt"
0.0061325156645780565,"butter, milk"
0.0030662578322890282,"butter, mineral water"
0.0041327822956939075,"butter, pancakes"
0.0037328356219170776,"butter, shrimp"
0.006265831222503666,"butter, spaghetti"
0.0030662578322890282,"butter, tomatoes"
0.003199573390214638,"butter, whole wheat rice"
0.0030662578322890282,"cake, cereals"
0.006532462338354886,"cake, chicken"
0.013598186908412212,"cake, chocolate"
0.003999466737768298,"cake, cookies"
0.004932675643247567,"cake, cooking oil"
0.004399413411545127,"cake, cottage cheese"
0.019064124783362217,"cake, eggs"
0.003199573390214638,"cake, energy bar"
0.0035995200639914677,"cake, energy drink"
0.0041327822956939075,"cake, escalope"
0.01786428476203173,"cake, french fries"
0.004399413411545127,"cake, fresh bread"
0.0037328356219170776,"cake, fresh tuna"
0.006399146780429276,"cake, frozen smoothie"
0.010265297960271964,"cake, frozen vegetables"
0.004799360085321957,"cake, grated cheese"
0.014131449140114652,"cake, green tea"
0.008132249033462205,"cake, ground beef"
0.004532728969470737,"cake, herb & pepper"
0.004399413411545127,"cake, honey"
0.0035995200639914677,"cake, hot dogs"
0.006932409012131715,"cake, low fat yogurt"
0.013331555792560993,"cake, milk"
0.027463004932675644,"cake, mineral water"
0.006532462338354886,"cake, olive oil"
0.011865084655379284,"cake, pancakes"
0.0030662578322890282,"cake, parmesan cheese"
0.003199573390214638,"cake, red wine"
0.0037328356219170776,"cake, salmon"
0.007598986801759766,"cake, shrimp"
0.0061325156645780565,"cake, soup"
0.018130915877882948,"cake, spaghetti"
0.0038661511798426876,"cake, tomato juice"
0.008398880149313425,"cake, tomatoes"
0.006932409012131715,"cake, turkey"
0.0035995200639914677,"cake, whole wheat pasta"
0.007732302359685375,"cake, whole wheat rice"
0.0034662045060658577,"carrots, chocolate"
0.0035995200639914677,"carrots, green tea"
0.005332622317024397,"carrots, mineral water"
0.004666044527396347,"carrots, spaghetti"
0.005599253432875617,"cereals, chocolate"
0.0037328356219170776,"cereals, eggs"
0.004799360085321957,"cereals, french fries"
0.004266097853619517,"cereals, frozen vegetables"
0.006532462338354886,"cereals, green tea"
0.004532728969470737,"cereals, ground beef"
0.003199573390214638,"cereals, herb & pepper"
0.007065724570057326,"cereals, milk"
0.010265297960271964,"cereals, mineral water"
0.004666044527396347,"cereals, pancakes"
0.003199573390214638,"cereals, shrimp"
0.006665777896280496,"cereals, spaghetti"
0.011598453539528063,"champagne, chocolate"
0.0037328356219170776,"champagne, cookies"
0.006665777896280496,"champagne, eggs"
0.003999466737768298,"champagne, escalope"
0.009332089054792695,"champagne, french fries"
0.004666044527396347,"champagne, frozen smoothie"
0.004799360085321957,"champagne, frozen vegetables"
0.008265564591387815,"champagne, green tea"
0.003999466737768298,"champagne, ground beef"
0.003199573390214638,"champagne, low fat yogurt"
0.005332622317024397,"champagne, milk"
0.007465671243834155,"champagne, mineral water"
0.005065991201173177,"champagne, pancakes"
0.006665777896280496,"champagne, spaghetti"
0.0030662578322890282,"champagne, whole wheat rice"
0.014664711371817091,"chicken, chocolate"
0.006799093454206106,"chicken, cooking oil"
0.003199573390214638,"chicken, cottage cheese"
0.01439808025596587,"chicken, eggs"
0.0035995200639914677,"chicken, escalope"
0.011065191307825623,"chicken, french fries"
0.005199306759098787,"chicken, fresh bread"
0.006665777896280496,"chicken, frozen smoothie"
0.008932142381015865,"chicken, frozen vegetables"
0.004266097853619517,"chicken, grated cheese"
0.011865084655379284,"chicken, green tea"
0.009465404612718305,"chicken, ground beef"
0.004932675643247567,"chicken, herb & pepper"
0.0041327822956939075,"chicken, honey"
0.0030662578322890282,"chicken, hot dogs"
0.004532728969470737,"chicken, light cream"
0.004399413411545127,"chicken, low fat yogurt"
0.003199573390214638,"chicken, meatballs"
0.014798026929742702,"chicken, milk"
0.022796960405279298,"chicken, mineral water"
0.007199040127982935,"chicken, olive oil"
0.009065457938941474,"chicken, pancakes"
0.003999466737768298,"chicken, salmon"
0.006265831222503666,"chicken, shrimp"
0.005999200106652446,"chicken, soup"
0.01719770697240368,"chicken, spaghetti"
0.003332888948140248,"chicken, tomato juice"
0.006399146780429276,"chicken, tomatoes"
0.004799360085321957,"chicken, turkey"
0.003332888948140248,"chicken, whole wheat pasta"
0.005465937874950006,"chicken, whole wheat rice"
0.010398613518197574,"chocolate, cookies"
0.013598186908412212,"chocolate, cooking oil"
0.004932675643247567,"chocolate, cottage cheese"
0.03319557392347687,"chocolate, eggs"
0.003999466737768298,"chocolate, energy bar"
0.0034662045060658577,"chocolate, energy drink"
0.01759765364618051,"chocolate, escalope"
0.03439541394480736,"chocolate, french fries"
0.005199306759098787,"chocolate, french wine"
0.009465404612718305,"chocolate, fresh bread"
0.004799360085321957,"chocolate, fresh tuna"
0.0030662578322890282,"chocolate, fromage blanc"
0.01493134248766831,"chocolate, frozen smoothie"
0.022930275963204905,"chocolate, frozen vegetables"
0.010931875749900012,"chocolate, grated cheese"
0.023463538194907346,"chocolate, green tea"
0.023063591521130515,"chocolate, ground beef"
0.006265831222503666,"chocolate, ham"
0.009065457938941474,"chocolate, herb & pepper"
0.007998933475536596,"chocolate, honey"
0.005465937874950006,"chocolate, hot dogs"
0.0035995200639914677,"chocolate, light cream"
0.005065991201173177,"chocolate, light mayo"
0.014798026929742702,"chocolate, low fat yogurt"
0.03212904946007199,"chocolate, milk"
0.05265964538061592,"chocolate, mineral water"
0.003332888948140248,"chocolate, mint"
0.003999466737768298,"chocolate, muffins"
0.004399413411545127,"chocolate, mushroom cream sauce"
0.0061325156645780565,"chocolate, oil"
0.01639781362485002,"chocolate, olive oil"
0.01986401813091588,"chocolate, pancakes"
0.004266097853619517,"chocolate, parmesan cheese"
0.006399146780429276,"chocolate, pepper"
0.0030662578322890282,"chocolate, protein bar"
0.004932675643247567,"chocolate, red wine"
0.005332622317024397,"chocolate, rice"
0.010665244634048793,"chocolate, salmon"
0.017997600319957337,"chocolate, shrimp"
0.010131982402346354,"chocolate, soup"
0.03919477403012932,"chocolate, spaghetti"
0.0034662045060658577,"chocolate, strawberries"
0.005865884548726837,"chocolate, tomato juice"
0.005065991201173177,"chocolate, tomato sauce"
0.013998133582189041,"chocolate, tomatoes"
0.011331822423676844,"chocolate, turkey"
0.004799360085321957,"chocolate, vegetables mix"
0.0034662045060658577,"chocolate, white wine"
0.006265831222503666,"chocolate, whole wheat pasta"
0.011998400213304892,"chocolate, whole wheat rice"
0.004399413411545127,"chocolate, yogurt cake"
0.004266097853619517,"cider, eggs"
0.003332888948140248,"cider, milk"
0.010531929076123183,"cookies, eggs"
0.013331555792560993,"cookies, french fries"
0.0030662578322890282,"cookies, frozen smoothie"
0.011998400213304892,"cookies, green tea"
0.004399413411545127,"cookies, ground beef"
0.005332622317024397,"cookies, low fat yogurt"
0.004399413411545127,"cookies, milk"
0.007465671243834155,"cookies, mineral water"
0.005199306759098787,"cookies, pancakes"
0.0041327822956939075,"cookies, shrimp"
0.007998933475536596,"cookies, spaghetti"
0.003999466737768298,"cookies, whole wheat rice"
0.011731769097453673,"cooking oil, eggs"
0.005332622317024397,"cooking oil, escalope"
0.007865617917610986,"cooking oil, french fries"
0.004799360085321957,"cooking oil, frozen smoothie"
0.006799093454206106,"cooking oil, frozen vegetables"
0.005732568990801226,"cooking oil, grated cheese"
0.007065724570057326,"cooking oil, green tea"
0.008398880149313425,"cooking oil, ground beef"
0.005332622317024397,"cooking oil, herb & pepper"
0.003332888948140248,"cooking oil, honey"
0.006532462338354886,"cooking oil, low fat yogurt"
0.011465137981602452,"cooking oil, milk"
0.020130649246767097,"cooking oil, mineral water"
0.005065991201173177,"cooking oil, olive oil"
0.007865617917610986,"cooking oil, pancakes"
0.0038661511798426876,"cooking oil, salmon"
0.005999200106652446,"cooking oil, shrimp"
0.005332622317024397,"cooking oil, soup"
0.01586455139314758,"cooking oil, spaghetti"
0.006665777896280496,"cooking oil, tomatoes"
0.005732568990801226,"cooking oil, turkey"
0.005465937874950006,"cooking oil, whole wheat rice"
0.005599253432875617,"cottage cheese, eggs"
0.005865884548726837,"cottage cheese, french fries"
0.004932675643247567,"cottage cheese, frozen smoothie"
0.0041327822956939075,"cottage cheese, frozen vegetables"
0.006399146780429276,"cottage cheese, green tea"
0.0030662578322890282,"cottage cheese, ground beef"
0.004666044527396347,"cottage cheese, milk"
0.009598720170643914,"cottage cheese, mineral water"
0.0034662045060658577,"cottage cheese, olive oil"
0.005199306759098787,"cottage cheese, pancakes"
0.006932409012131715,"cottage cheese, spaghetti"
0.0035995200639914677,"eggplant, eggs"
0.0037328356219170776,"eggplant, mineral water"
0.0038661511798426876,"eggplant, spaghetti"
0.005199306759098787,"eggs, energy bar"
0.004932675643247567,"eggs, energy drink"
0.011065191307825623,"eggs, escalope"
0.036395147313691506,"eggs, french fries"
0.005999200106652446,"eggs, french wine"
0.008665511265164644,"eggs, fresh bread"
0.005865884548726837,"eggs, fresh tuna"
0.003999466737768298,"eggs, fromage blanc"
0.011065191307825623,"eggs, frozen smoothie"
0.021730435941874418,"eggs, frozen vegetables"
0.009065457938941474,"eggs, grated cheese"
0.025463271563791495,"eggs, green tea"
0.019997333688841486,"eggs, ground beef"
0.006265831222503666,"eggs, ham"
0.012531662445007332,"eggs, herb & pepper"
0.005732568990801226,"eggs, honey"
0.0035995200639914677,"eggs, hot dogs"
0.003332888948140248,"eggs, light cream"
0.005465937874950006,"eggs, light mayo"
0.01679776029862685,"eggs, low fat yogurt"
0.004399413411545127,"eggs, meatballs"
0.03079589388081589,"eggs, milk"
0.05092654312758299,"eggs, mineral water"
0.0034662045060658577,"eggs, muffins"
0.0034662045060658577,"eggs, mushroom cream sauce"
0.0034662045060658577,"eggs, oil"
0.011998400213304892,"eggs, olive oil"
0.021730435941874418,"eggs, pancakes"
0.004532728969470737,"eggs, parmesan cheese"
0.004666044527396347,"eggs, pepper"
0.003332888948140248,"eggs, protein bar"
0.007065724570057326,"eggs, red wine"
0.0030662578322890282,"eggs, rice"
0.008265564591387815,"eggs, salmon"
0.014131449140114652,"eggs, shrimp"
0.009065457938941474,"eggs, soup"
0.036528462871617116,"eggs, spaghetti"
0.0037328356219170776,"eggs, strawberries"
0.005065991201173177,"eggs, tomato juice"
0.012265031329156113,"eggs, tomatoes"
0.01946407145713905,"eggs, turkey"
0.004799360085321957,"eggs, vegetables mix"
0.004932675643247567,"eggs, whole wheat pasta"
0.010931875749900012,"eggs, whole wheat rice"
0.004532728969470737,"eggs, yogurt cake"
0.004799360085321957,"energy bar, french fries"
0.0041327822956939075,"energy bar, frozen vegetables"
0.0030662578322890282,"energy bar, green tea"
0.005465937874950006,"energy bar, milk"
0.006799093454206106,"energy bar, mineral water"
0.004399413411545127,"energy bar, spaghetti"
0.0061325156645780565,"energy drink, french fries"
0.003999466737768298,"energy drink, green tea"
0.003332888948140248,"energy drink, milk"
0.005599253432875617,"energy drink, mineral water"
0.0037328356219170776,"energy drink, pancakes"
0.004266097853619517,"energy drink, spaghetti"
0.01639781362485002,"escalope, french fries"
0.0035995200639914677,"escalope, fresh bread"
0.005465937874950006,"escalope, frozen smoothie"
0.007598986801759766,"escalope, frozen vegetables"
0.004799360085321957,"escalope, grated cheese"
0.008932142381015865,"escalope, green tea"
0.008265564591387815,"escalope, ground beef"
0.0035995200639914677,"escalope, herb & pepper"
0.0038661511798426876,"escalope, honey"
0.004666044527396347,"escalope, low fat yogurt"
0.007732302359685375,"escalope, milk"
0.017064391414478068,"escalope, mineral water"
0.005732568990801226,"escalope, mushroom cream sauce"
0.005865884548726837,"escalope, pancakes"
0.005865884548726837,"escalope, pasta"
0.0030662578322890282,"escalope, pepper"
0.003332888948140248,"escalope, salmon"
0.004266097853619517,"escalope, shrimp"
0.0034662045060658577,"escalope, soup"
0.013998133582189041,"escalope, spaghetti"
0.005465937874950006,"escalope, tomatoes"
0.004266097853619517,"escalope, turkey"
0.005199306759098787,"escalope, whole wheat rice"
0.005732568990801226,"extra dark chocolate, mineral water"
0.0041327822956939075,"extra dark chocolate, spaghetti"
0.0030662578322890282,"flax seed, green tea"
0.0037328356219170776,"french fries, french wine"
0.008265564591387815,"french fries, fresh bread"
0.0038661511798426876,"french fries, fresh tuna"
0.0037328356219170776,"french fries, fromage blanc"
0.014531395813891481,"french fries, frozen smoothie"
0.019064124783362217,"french fries, frozen vegetables"
0.010398613518197574,"french fries, grated cheese"
0.028529529396080524,"french fries, green tea"
0.01386481802426343,"french fries, ground beef"
0.005599253432875617,"french fries, ham"
0.006932409012131715,"french fries, herb & pepper"
0.008932142381015865,"french fries, honey"
0.007332355685908546,"french fries, hot dogs"
0.007332355685908546,"french fries, light mayo"
0.013331555792560993,"french fries, low fat yogurt"
0.0030662578322890282,"french fries, meatballs"
0.023730169310758567,"french fries, milk"
0.03372883615517931,"french fries, mineral water"
0.005332622317024397,"french fries, muffins"
0.004666044527396347,"french fries, mushroom cream sauce"
0.003999466737768298,"french fries, oil"
0.009198773496867084,"french fries, olive oil"
0.020130649246767097,"french fries, pancakes"
0.0030662578322890282,"french fries, pasta"
0.0038661511798426876,"french fries, pepper"
0.0034662045060658577,"french fries, protein bar"
0.005332622317024397,"french fries, red wine"
0.004799360085321957,"french fries, rice"
0.005865884548726837,"french fries, salmon"
0.009998666844420743,"french fries, shrimp"
0.007598986801759766,"french fries, soup"
0.027596320490601255,"french fries, spaghetti"
0.005732568990801226,"french fries, strawberries"
0.007065724570057326,"french fries, tomato juice"
0.011998400213304892,"french fries, tomatoes"
0.010665244634048793,"french fries, turkey"
0.005599253432875617,"french fries, vegetables mix"
0.005465937874950006,"french fries, whole wheat pasta"
0.010531929076123183,"french fries, whole wheat rice"
0.005065991201173177,"french fries, yogurt cake"
0.003199573390214638,"french wine, frozen vegetables"
0.0035995200639914677,"french wine, green tea"
0.0038661511798426876,"french wine, ground beef"
0.004932675643247567,"french wine, milk"
0.008265564591387815,"french wine, mineral water"
0.0034662045060658577,"french wine, olive oil"
0.0041327822956939075,"french wine, pancakes"
0.007732302359685375,"french wine, spaghetti"
0.004266097853619517,"fresh bread, frozen smoothie"
0.006799093454206106,"fresh bread, frozen vegetables"
0.0030662578322890282,"fresh bread, grated cheese"
0.006399146780429276,"fresh bread, green tea"
0.0061325156645780565,"fresh bread, ground beef"
0.0030662578322890282,"fresh bread, herb & pepper"
0.004266097853619517,"fresh bread, low fat yogurt"
0.009198773496867084,"fresh bread, milk"
0.013331555792560993,"fresh bread, mineral water"
0.005065991201173177,"fresh bread, olive oil"
0.005332622317024397,"fresh bread, pancakes"
0.005199306759098787,"fresh bread, shrimp"
0.009065457938941474,"fresh bread, spaghetti"
0.004266097853619517,"fresh bread, tomato juice"
0.004666044527396347,"fresh bread, tomatoes"
0.003199573390214638,"fresh bread, turkey"
0.0037328356219170776,"fresh bread, whole wheat rice"
0.0041327822956939075,"fresh tuna, frozen vegetables"
0.003199573390214638,"fresh tuna, green tea"
0.003999466737768298,"fresh tuna, honey"
0.004799360085321957,"fresh tuna, milk"
0.008798826823090255,"fresh tuna, mineral water"
0.0037328356219170776,"fresh tuna, olive oil"
0.005065991201173177,"fresh tuna, pancakes"
0.006799093454206106,"fresh tuna, spaghetti"
0.003332888948140248,"fromage blanc, honey"
0.004532728969470737,"fromage blanc, mineral water"
0.0037328356219170776,"fromage blanc, spaghetti"
0.009998666844420743,"frozen smoothie, frozen vegetables"
0.003199573390214638,"frozen smoothie, grated cheese"
0.011198506865751233,"frozen smoothie, green tea"
0.007598986801759766,"frozen smoothie, ground beef"
0.0037328356219170776,"frozen smoothie, herb & pepper"
0.005865884548726837,"frozen smoothie, honey"
0.004799360085321957,"frozen smoothie, hot dogs"
0.003199573390214638,"frozen smoothie, light mayo"
0.007332355685908546,"frozen smoothie, low fat yogurt"
0.014264764698040262,"frozen smoothie, milk"
0.020263964804692707,"frozen smoothie, mineral water"
0.006932409012131715,"frozen smoothie, olive oil"
0.009065457938941474,"frozen smoothie, pancakes"
0.005065991201173177,"frozen smoothie, salmon"
0.007332355685908546,"frozen smoothie, shrimp"
0.01559792027729636,"frozen smoothie, spaghetti"
0.0037328356219170776,"frozen smoothie, tomato juice"
0.006532462338354886,"frozen smoothie, tomatoes"
0.0041327822956939075,"frozen smoothie, turkey"
0.003332888948140248,"frozen smoothie, vegetables mix"
0.005999200106652446,"frozen smoothie, whole wheat rice"
0.006799093454206106,"frozen vegetables, grated cheese"
0.01439808025596587,"frozen vegetables, green tea"
0.01693107585655246,"frozen vegetables, ground beef"
0.005999200106652446,"frozen vegetables, herb & pepper"
0.007598986801759766,"frozen vegetables, honey"
0.003999466737768298,"frozen vegetables, hot dogs"
0.004399413411545127,"frozen vegetables, light mayo"
0.010131982402346354,"frozen vegetables, low fat yogurt"
0.0030662578322890282,"frozen vegetables, meatballs"
0.023596853752832957,"frozen vegetables, milk"
0.03572856952406346,"frozen vegetables, mineral water"
0.0035995200639914677,"frozen vegetables, muffins"
0.011331822423676844,"frozen vegetables, olive oil"
0.013464871350486601,"frozen vegetables, pancakes"
0.005465937874950006,"frozen vegetables, parmesan cheese"
0.006265831222503666,"frozen vegetables, salmon"
0.01666444474070124,"frozen vegetables, shrimp"
0.007998933475536596,"frozen vegetables, soup"
0.027862951606452472,"frozen vegetables, spaghetti"
0.004932675643247567,"frozen vegetables, tomato juice"
0.0161311825089988,"frozen vegetables, tomatoes"
0.008798826823090255,"frozen vegetables, turkey"
0.004399413411545127,"frozen vegetables, vegetables mix"
0.004932675643247567,"frozen vegetables, whole wheat pasta"
0.009065457938941474,"frozen vegetables, whole wheat rice"
0.007865617917610986,"grated cheese, green tea"
0.011331822423676844,"grated cheese, ground beef"
0.006532462338354886,"grated cheese, herb & pepper"
0.0041327822956939075,"grated cheese, honey"
0.005599253432875617,"grated cheese, low fat yogurt"
0.007865617917610986,"grated cheese, milk"
0.0174643380882549,"grated cheese, mineral water"
0.006265831222503666,"grated cheese, olive oil"
0.006932409012131715,"grated cheese, pancakes"
0.005199306759098787,"grated cheese, salmon"
0.004399413411545127,"grated cheese, shrimp"
0.01653112918277563,"grated cheese, spaghetti"
0.004399413411545127,"grated cheese, tomatoes"
0.004932675643247567,"grated cheese, turkey"
0.004532728969470737,"grated cheese, whole wheat rice"
0.0034662045060658577,"green beans, spaghetti"
0.003199573390214638,"green grapes, mineral water"
0.014798026929742702,"green tea, ground beef"
0.003199573390214638,"green tea, gums"
0.004932675643247567,"green tea, ham"
0.006399146780429276,"green tea, herb & pepper"
0.009332089054792695,"green tea, honey"
0.006665777896280496,"green tea, hot dogs"
0.004399413411545127,"green tea, light mayo"
0.007598986801759766,"green tea, low fat yogurt"
0.0034662045060658577,"green tea, meatballs"
0.01759765364618051,"green tea, milk"
0.03106252499666711,"green tea, mineral water"
0.0035995200639914677,"green tea, mushroom cream sauce"
0.0041327822956939075,"green tea, oil"
0.009998666844420743,"green tea, olive oil"
0.01639781362485002,"green tea, pancakes"
0.005199306759098787,"green tea, pepper"
0.004666044527396347,"green tea, red wine"
0.003332888948140248,"green tea, rice"
0.005865884548726837,"green tea, salmon"
0.011465137981602452,"green tea, shrimp"
0.007065724570057326,"green tea, soup"
0.026529796027196375,"green tea, spaghetti"
0.0034662045060658577,"green tea, strawberries"
0.006265831222503666,"green tea, tomato juice"
0.012265031329156113,"green tea, tomatoes"
0.011865084655379284,"green tea, turkey"
0.005065991201173177,"green tea, vegetables mix"
0.005199306759098787,"green tea, whole wheat pasta"
0.009065457938941474,"green tea, whole wheat rice"
0.0038661511798426876,"green tea, yogurt cake"
0.004932675643247567,"ground beef, ham"
0.015997866951073192,"ground beef, herb & pepper"
0.006799093454206106,"ground beef, honey"
0.0038661511798426876,"ground beef, hot dogs"
0.003332888948140248,"ground beef, light cream"
0.009598720170643914,"ground beef, low fat yogurt"
0.003199573390214638,"ground beef, meatballs"
0.021997067057725635,"ground beef, milk"
0.040927876283162246,"ground beef, mineral water"
0.0038661511798426876,"ground beef, oil"
0.014131449140114652,"ground beef, olive oil"
0.014531395813891481,"ground beef, pancakes"
0.0035995200639914677,"ground beef, parmesan cheese"
0.006532462338354886,"ground beef, pepper"
0.0035995200639914677,"ground beef, protein bar"
0.004799360085321957,"ground beef, red wine"
0.004399413411545127,"ground beef, rice"
0.008932142381015865,"ground beef, salmon"
0.011465137981602452,"ground beef, shrimp"
0.009732035728569524,"ground beef, soup"
0.03919477403012932,"ground beef, spaghetti"
0.0035995200639914677,"ground beef, tomato juice"
0.005332622317024397,"ground beef, tomato sauce"
0.011731769097453673,"ground beef, tomatoes"
0.009198773496867084,"ground beef, turkey"
0.004532728969470737,"ground beef, whole wheat pasta"
0.008132249033462205,"ground beef, whole wheat rice"
0.004932675643247567,"gums, mineral water"
0.0030662578322890282,"gums, spaghetti"
0.004932675643247567,"ham, milk"
0.009198773496867084,"ham, mineral water"
0.0035995200639914677,"ham, olive oil"
0.004532728969470737,"ham, pancakes"
0.009198773496867084,"ham, spaghetti"
0.0030662578322890282,"ham, turkey"
0.004266097853619517,"ham, whole wheat rice"
0.003199573390214638,"herb & pepper, honey"
0.005865884548726837,"herb & pepper, low fat yogurt"
0.009198773496867084,"herb & pepper, milk"
0.017064391414478068,"herb & pepper, mineral water"
0.005065991201173177,"herb & pepper, olive oil"
0.007332355685908546,"herb & pepper, pancakes"
0.0038661511798426876,"herb & pepper, salmon"
0.007065724570057326,"herb & pepper, shrimp"
0.0035995200639914677,"herb & pepper, soup"
0.01626449806692441,"herb & pepper, spaghetti"
0.004399413411545127,"herb & pepper, tomatoes"
0.004799360085321957,"herb & pepper, turkey"
0.0037328356219170776,"herb & pepper, whole wheat pasta"
0.003332888948140248,"herb & pepper, whole wheat rice"
0.003999466737768298,"honey, low fat yogurt"
0.007732302359685375,"honey, milk"
0.015064658045593921,"honey, mineral water"
0.004799360085321957,"honey, olive oil"
0.006665777896280496,"honey, pancakes"
0.0034662045060658577,"honey, salmon"
0.004399413411545127,"honey, shrimp"
0.003199573390214638,"honey, soup"
0.011865084655379284,"honey, spaghetti"
0.005332622317024397,"honey, tomatoes"
0.005732568990801226,"honey, turkey"
0.0038661511798426876,"honey, whole wheat rice"
0.004399413411545127,"hot dogs, milk"
0.009198773496867084,"hot dogs, mineral water"
0.0030662578322890282,"hot dogs, olive oil"
0.004266097853619517,"hot dogs, pancakes"
0.008665511265164644,"hot dogs, spaghetti"
0.003999466737768298,"light cream, milk"
0.007332355685908546,"light cream, mineral water"
0.003199573390214638,"light cream, olive oil"
0.0034662045060658577,"light cream, pancakes"
0.005332622317024397,"light cream, spaghetti"
0.0034662045060658577,"light mayo, milk"
0.006265831222503666,"light mayo, mineral water"
0.005465937874950006,"light mayo, pancakes"
0.0038661511798426876,"light mayo, spaghetti"
0.013198240234635382,"low fat yogurt, milk"
0.023996800426609784,"low fat yogurt, mineral water"
0.006799093454206106,"low fat yogurt, olive oil"
0.009465404612718305,"low fat yogurt, pancakes"
0.0038661511798426876,"low fat yogurt, salmon"
0.006265831222503666,"low fat yogurt, shrimp"
0.005732568990801226,"low fat yogurt, soup"
0.015197973603519531,"low fat yogurt, spaghetti"
0.0035995200639914677,"low fat yogurt, tomato juice"
0.005999200106652446,"low fat yogurt, tomatoes"
0.005065991201173177,"low fat yogurt, turkey"
0.006532462338354886,"low fat yogurt, whole wheat rice"
0.0037328356219170776,"magazines, mineral water"
0.005465937874950006,"meatballs, milk"
0.007732302359685375,"meatballs, mineral water"
0.006399146780429276,"meatballs, spaghetti"
0.0038661511798426876,"meatballs, tomatoes"
0.04799360085321957,"milk, mineral water"
0.003199573390214638,"milk, mint"
0.0030662578322890282,"milk, muffins"
0.0041327822956939075,"milk, oil"
0.017064391414478068,"milk, olive oil"
0.01653112918277563,"milk, pancakes"
0.0038661511798426876,"milk, parmesan cheese"
0.005065991201173177,"milk, pepper"
0.003999466737768298,"milk, red wine"
0.009732035728569524,"milk, salmon"
0.01759765364618051,"milk, shrimp"
0.015197973603519531,"milk, soup"
0.03546193840821224,"milk, spaghetti"
0.005732568990801226,"milk, tomato juice"
0.013998133582189041,"milk, tomatoes"
0.011331822423676844,"milk, turkey"
0.004399413411545127,"milk, vegetables mix"
0.0034662045060658577,"milk, white wine"
0.009865351286495135,"milk, whole wheat pasta"
0.011865084655379284,"milk, whole wheat rice"
0.003199573390214638,"milk, yogurt cake"
0.005865884548726837,"mineral water, mint"
0.004399413411545127,"mineral water, muffins"
0.005065991201173177,"mineral water, nonfat milk"
0.007332355685908546,"mineral water, oil"
0.027596320490601255,"mineral water, olive oil"
0.03372883615517931,"mineral water, pancakes"
0.004666044527396347,"mineral water, parmesan cheese"
0.008265564591387815,"mineral water, pepper"
0.007732302359685375,"mineral water, protein bar"
0.010931875749900012,"mineral water, red wine"
0.007732302359685375,"mineral water, rice"
0.017064391414478068,"mineral water, salmon"
0.023596853752832957,"mineral water, shrimp"
0.023063591521130515,"mineral water, soup"
0.05972536995067324,"mineral water, spaghetti"
0.005065991201173177,"mineral water, strawberries"
0.003199573390214638,"mineral water, strong cheese"
0.009598720170643914,"mineral water, tomato juice"
0.005732568990801226,"mineral water, tomato sauce"
0.024396747100386616,"mineral water, tomatoes"
0.019197440341287828,"mineral water, turkey"
0.007865617917610986,"mineral water, vegetables mix"
0.004399413411545127,"mineral water, white wine"
0.0034662045060658577,"mineral water, whole weat flour"
0.009598720170643914,"mineral water, whole wheat pasta"
0.020130649246767097,"mineral water, whole wheat rice"
0.0035995200639914677,"mineral water, yams"
0.005599253432875617,"mineral water, yogurt cake"
0.0034662045060658577,"mineral water, zucchini"
0.003999466737768298,"mint, spaghetti"
0.0035995200639914677,"muffins, spaghetti"
0.004266097853619517,"mushroom cream sauce, spaghetti"
0.003332888948140248,"nonfat milk, spaghetti"
0.0037328356219170776,"oil, pancakes"
0.0034662045060658577,"oil, shrimp"
0.005732568990801226,"oil, spaghetti"
0.010798560191974404,"olive oil, pancakes"
0.003199573390214638,"olive oil, pepper"
0.005732568990801226,"olive oil, salmon"
0.008132249033462205,"olive oil, shrimp"
0.008932142381015865,"olive oil, soup"
0.022930275963204905,"olive oil, spaghetti"
0.007199040127982935,"olive oil, tomatoes"
0.005332622317024397,"olive oil, turkey"
0.007998933475536596,"olive oil, whole wheat pasta"
0.0034662045060658577,"olive oil, whole wheat rice"
0.004799360085321957,"pancakes, pepper"
0.0034662045060658577,"pancakes, red wine"
0.004266097853619517,"pancakes, salmon"
0.010531929076123183,"pancakes, shrimp"
0.006799093454206106,"pancakes, soup"
0.025196640447940274,"pancakes, spaghetti"
0.004932675643247567,"pancakes, tomato juice"
0.009865351286495135,"pancakes, tomatoes"
0.009598720170643914,"pancakes, turkey"
0.0035995200639914677,"pancakes, vegetables mix"
0.004666044527396347,"pancakes, whole wheat pasta"
0.006932409012131715,"pancakes, whole wheat rice"
0.0035995200639914677,"pancakes, yogurt cake"
0.003332888948140248,"parmesan cheese, shrimp"
0.006799093454206106,"parmesan cheese, spaghetti"
0.003199573390214638,"parmesan cheese, tomatoes"
0.005065991201173177,"pasta, shrimp"
0.0034662045060658577,"pepper, shrimp"
0.009865351286495135,"pepper, spaghetti"
0.0038661511798426876,"pepper, turkey"
0.005065991201173177,"protein bar, spaghetti"
0.010265297960271964,"red wine, spaghetti"
0.005065991201173177,"rice, spaghetti"
0.004666044527396347,"salmon, shrimp"
0.003199573390214638,"salmon, soup"
0.013464871350486601,"salmon, spaghetti"
0.004932675643247567,"salmon, tomatoes"
0.0041327822956939075,"salmon, turkey"
0.005599253432875617,"shrimp, soup"
0.021197173710171976,"shrimp, spaghetti"
0.0035995200639914677,"shrimp, tomato juice"
0.011198506865751233,"shrimp, tomatoes"
0.006399146780429276,"shrimp, turkey"
0.0034662045060658577,"shrimp, whole wheat pasta"
0.005865884548726837,"shrimp, whole wheat rice"
0.014264764698040262,"soup, spaghetti"
0.006932409012131715,"soup, tomatoes"
0.004932675643247567,"soup, turkey"
0.0035995200639914677,"soup, whole wheat rice"
0.0041327822956939075,"spaghetti, strawberries"
0.0037328356219170776,"spaghetti, strong cheese"
0.007465671243834155,"spaghetti, tomato juice"
0.006265831222503666,"spaghetti, tomato sauce"
0.020930542594320756,"spaghetti, tomatoes"
0.01653112918277563,"spaghetti, turkey"
0.005599253432875617,"spaghetti, vegetables mix"
0.004532728969470737,"spaghetti, white wine"
0.008798826823090255,"spaghetti, whole wheat pasta"
0.014131449140114652,"spaghetti, whole wheat rice"
0.0038661511798426876,"spaghetti, yogurt cake"
0.0030662578322890282,"spaghetti, zucchini"
0.0035995200639914677,"tomato juice, tomatoes"
0.003199573390214638,"tomato juice, turkey"
0.006532462338354886,"tomatoes, turkey"
0.003199573390214638,"tomatoes, vegetables mix"
0.005999200106652446,"tomatoes, whole wheat rice"
0.007065724570057326,"turkey, whole wheat rice"
0.0030662578322890282,"avocado, chocolate, mineral water"
0.003332888948140248,"avocado, milk, mineral water"
0.003332888948140248,"avocado, milk, spaghetti"
0.0035995200639914677,"brownies, eggs, mineral water"
0.0030662578322890282,"burgers, cake, chocolate"
0.0034662045060658577,"burgers, cake, eggs"
0.0037328356219170776,"burgers, cake, milk"
0.004799360085321957,"burgers, cake, mineral water"
0.005465937874950006,"burgers, chocolate, eggs"
0.004799360085321957,"burgers, chocolate, french fries"
0.003332888948140248,"burgers, chocolate, frozen vegetables"
0.0034662045060658577,"burgers, chocolate, green tea"
0.0030662578322890282,"burgers, chocolate, ground beef"
0.005465937874950006,"burgers, chocolate, milk"
0.005732568990801226,"burgers, chocolate, mineral water"
0.0030662578322890282,"burgers, chocolate, pancakes"
0.0030662578322890282,"burgers, chocolate, shrimp"
0.006399146780429276,"burgers, chocolate, spaghetti"
0.0030662578322890282,"burgers, chocolate, turkey"
0.009065457938941474,"burgers, eggs, french fries"
0.005999200106652446,"burgers, eggs, green tea"
0.003999466737768298,"burgers, eggs, ground beef"
0.005332622317024397,"burgers, eggs, milk"
0.007865617917610986,"burgers, eggs, mineral water"
0.0041327822956939075,"burgers, eggs, pancakes"
0.007199040127982935,"burgers, eggs, spaghetti"
0.0038661511798426876,"burgers, eggs, turkey"
0.005465937874950006,"burgers, french fries, green tea"
0.005599253432875617,"burgers, french fries, milk"
0.005199306759098787,"burgers, french fries, mineral water"
0.003199573390214638,"burgers, french fries, pancakes"
0.005599253432875617,"burgers, french fries, spaghetti"
0.003199573390214638,"burgers, frozen smoothie, mineral water"
0.004932675643247567,"burgers, frozen vegetables, mineral water"
0.0035995200639914677,"burgers, frozen vegetables, spaghetti"
0.0037328356219170776,"burgers, green tea, milk"
0.0034662045060658577,"burgers, green tea, mineral water"
0.004799360085321957,"burgers, green tea, spaghetti"
0.0041327822956939075,"burgers, ground beef, milk"
0.005332622317024397,"burgers, ground beef, mineral water"
0.005465937874950006,"burgers, ground beef, spaghetti"
0.006932409012131715,"burgers, milk, mineral water"
0.006399146780429276,"burgers, milk, spaghetti"
0.003199573390214638,"burgers, milk, turkey"
0.0030662578322890282,"burgers, milk, whole wheat rice"
0.003332888948140248,"burgers, mineral water, olive oil"
0.0037328356219170776,"burgers, mineral water, pancakes"
0.003332888948140248,"burgers, mineral water, shrimp"
0.006532462338354886,"burgers, mineral water, spaghetti"
0.003332888948140248,"burgers, mineral water, tomatoes"
0.0034662045060658577,"burgers, mineral water, turkey"
0.0035995200639914677,"burgers, mineral water, whole wheat rice"
0.004399413411545127,"burgers, pancakes, spaghetti"
0.003199573390214638,"burgers, spaghetti, turkey"
0.0030662578322890282,"burgers, spaghetti, whole wheat rice"
0.0030662578322890282,"cake, chicken, mineral water"
0.004266097853619517,"cake, chocolate, eggs"
0.0034662045060658577,"cake, chocolate, french fries"
0.0030662578322890282,"cake, chocolate, milk"
0.005599253432875617,"cake, chocolate, mineral water"
0.005199306759098787,"cake, chocolate, spaghetti"
0.004532728969470737,"cake, eggs, french fries"
0.003332888948140248,"cake, eggs, green tea"
0.0041327822956939075,"cake, eggs, milk"
0.007199040127982935,"cake, eggs, mineral water"
0.003199573390214638,"cake, eggs, pancakes"
0.004799360085321957,"cake, eggs, spaghetti"
0.003199573390214638,"cake, eggs, turkey"
0.004399413411545127,"cake, french fries, green tea"
0.0034662045060658577,"cake, french fries, milk"
0.006399146780429276,"cake, french fries, mineral water"
0.0035995200639914677,"cake, french fries, spaghetti"
0.003199573390214638,"cake, frozen smoothie, mineral water"
0.004799360085321957,"cake, frozen vegetables, mineral water"
0.003332888948140248,"cake, frozen vegetables, spaghetti"
0.0030662578322890282,"cake, frozen vegetables, tomatoes"
0.0041327822956939075,"cake, green tea, mineral water"
0.0030662578322890282,"cake, green tea, pancakes"
0.0034662045060658577,"cake, ground beef, mineral water"
0.0037328356219170776,"cake, ground beef, spaghetti"
0.006399146780429276,"cake, milk, mineral water"
0.0041327822956939075,"cake, milk, spaghetti"
0.003199573390214638,"cake, mineral water, olive oil"
0.0041327822956939075,"cake, mineral water, pancakes"
0.003199573390214638,"cake, mineral water, soup"
0.007065724570057326,"cake, mineral water, spaghetti"
0.003332888948140248,"cake, mineral water, tomatoes"
0.0035995200639914677,"cake, mineral water, whole wheat rice"
0.0030662578322890282,"cake, olive oil, spaghetti"
0.0041327822956939075,"cake, pancakes, spaghetti"
0.0034662045060658577,"cake, spaghetti, tomatoes"
0.0030662578322890282,"cereals, ground beef, spaghetti"
0.0035995200639914677,"cereals, milk, mineral water"
0.0034662045060658577,"cereals, mineral water, spaghetti"
0.0030662578322890282,"chicken, chocolate, eggs"
0.0037328356219170776,"chicken, chocolate, french fries"
0.003999466737768298,"chicken, chocolate, green tea"
0.004532728969470737,"chicken, chocolate, milk"
0.007598986801759766,"chicken, chocolate, mineral water"
0.004266097853619517,"chicken, chocolate, spaghetti"
0.003199573390214638,"chicken, eggs, french fries"
0.0041327822956939075,"chicken, eggs, milk"
0.005199306759098787,"chicken, eggs, mineral water"
0.0041327822956939075,"chicken, eggs, spaghetti"
0.003332888948140248,"chicken, french fries, milk"
0.004266097853619517,"chicken, french fries, mineral water"
0.0038661511798426876,"chicken, french fries, spaghetti"
0.0037328356219170776,"chicken, frozen vegetables, mineral water"
0.0030662578322890282,"chicken, frozen vegetables, spaghetti"
0.0038661511798426876,"chicken, green tea, mineral water"
0.003332888948140248,"chicken, green tea, spaghetti"
0.0038661511798426876,"chicken, ground beef, milk"
0.0038661511798426876,"chicken, ground beef, mineral water"
0.004799360085321957,"chicken, ground beef, spaghetti"
0.006665777896280496,"chicken, milk, mineral water"
0.0035995200639914677,"chicken, milk, olive oil"
0.0030662578322890282,"chicken, milk, pancakes"
0.005465937874950006,"chicken, milk, spaghetti"
0.0035995200639914677,"chicken, mineral water, olive oil"
0.004799360085321957,"chicken, mineral water, pancakes"
0.003199573390214638,"chicken, mineral water, soup"
0.006932409012131715,"chicken, mineral water, spaghetti"
0.003199573390214638,"chicken, mineral water, tomatoes"
0.0034662045060658577,"chicken, olive oil, spaghetti"
0.003199573390214638,"chicken, pancakes, spaghetti"
0.003999466737768298,"chocolate, cookies, french fries"
0.0030662578322890282,"chocolate, cookies, spaghetti"
0.004532728969470737,"chocolate, cooking oil, eggs"
0.004399413411545127,"chocolate, cooking oil, milk"
0.005732568990801226,"chocolate, cooking oil, mineral water"
0.004399413411545127,"chocolate, cooking oil, spaghetti"
0.003332888948140248,"chocolate, eggs, escalope"
0.008398880149313425,"chocolate, eggs, french fries"
0.005732568990801226,"chocolate, eggs, frozen vegetables"
0.005465937874950006,"chocolate, eggs, green tea"
0.006532462338354886,"chocolate, eggs, ground beef"
0.003332888948140248,"chocolate, eggs, low fat yogurt"
0.009198773496867084,"chocolate, eggs, milk"
0.013464871350486601,"chocolate, eggs, mineral water"
0.003999466737768298,"chocolate, eggs, olive oil"
0.005599253432875617,"chocolate, eggs, pancakes"
0.0038661511798426876,"chocolate, eggs, shrimp"
0.010531929076123183,"chocolate, eggs, spaghetti"
0.0035995200639914677,"chocolate, eggs, turkey"
0.005199306759098787,"chocolate, escalope, french fries"
0.0030662578322890282,"chocolate, escalope, milk"
0.005599253432875617,"chocolate, escalope, mineral water"
0.004399413411545127,"chocolate, escalope, spaghetti"
0.0035995200639914677,"chocolate, french fries, frozen smoothie"
0.005599253432875617,"chocolate, french fries, frozen vegetables"
0.003199573390214638,"chocolate, french fries, grated cheese"
0.005199306759098787,"chocolate, french fries, green tea"
0.003332888948140248,"chocolate, french fries, ground beef"
0.003999466737768298,"chocolate, french fries, low fat yogurt"
0.007332355685908546,"chocolate, french fries, milk"
0.008532195707239034,"chocolate, french fries, mineral water"
0.0030662578322890282,"chocolate, french fries, olive oil"
0.005465937874950006,"chocolate, french fries, pancakes"
0.003332888948140248,"chocolate, french fries, shrimp"
0.007998933475536596,"chocolate, french fries, spaghetti"
0.0034662045060658577,"chocolate, french fries, tomatoes"
0.003999466737768298,"chocolate, fresh bread, mineral water"
0.0041327822956939075,"chocolate, frozen smoothie, milk"
0.005065991201173177,"chocolate, frozen smoothie, mineral water"
0.004666044527396347,"chocolate, frozen smoothie, spaghetti"
0.0030662578322890282,"chocolate, frozen vegetables, green tea"
0.005732568990801226,"chocolate, frozen vegetables, ground beef"
0.007998933475536596,"chocolate, frozen vegetables, milk"
0.009732035728569524,"chocolate, frozen vegetables, mineral water"
0.003999466737768298,"chocolate, frozen vegetables, olive oil"
0.003199573390214638,"chocolate, frozen vegetables, pancakes"
0.005332622317024397,"chocolate, frozen vegetables, shrimp"
0.007865617917610986,"chocolate, frozen vegetables, spaghetti"
0.0034662045060658577,"chocolate, frozen vegetables, tomatoes"
0.003999466737768298,"chocolate, grated cheese, mineral water"
0.0030662578322890282,"chocolate, grated cheese, spaghetti"
0.003332888948140248,"chocolate, green tea, ground beef"
0.004666044527396347,"chocolate, green tea, milk"
0.006932409012131715,"chocolate, green tea, mineral water"
0.004266097853619517,"chocolate, green tea, pancakes"
0.007065724570057326,"chocolate, green tea, spaghetti"
0.003999466737768298,"chocolate, ground beef, herb & pepper"
0.0061325156645780565,"chocolate, ground beef, milk"
0.010931875749900012,"chocolate, ground beef, mineral water"
0.003332888948140248,"chocolate, ground beef, olive oil"
0.0037328356219170776,"chocolate, ground beef, pancakes"
0.0034662045060658577,"chocolate, ground beef, shrimp"
0.009198773496867084,"chocolate, ground beef, spaghetti"
0.003999466737768298,"chocolate, herb & pepper, mineral water"
0.0030662578322890282,"chocolate, honey, mineral water"
0.0037328356219170776,"chocolate, low fat yogurt, milk"
0.005732568990801226,"chocolate, low fat yogurt, mineral water"
0.0037328356219170776,"chocolate, low fat yogurt, spaghetti"
0.013998133582189041,"chocolate, milk, mineral water"
0.005199306759098787,"chocolate, milk, olive oil"
0.004799360085321957,"chocolate, milk, pancakes"
0.005465937874950006,"chocolate, milk, shrimp"
0.003999466737768298,"chocolate, milk, soup"
0.010931875749900012,"chocolate, milk, spaghetti"
0.0035995200639914677,"chocolate, milk, tomatoes"
0.0034662045060658577,"chocolate, milk, turkey"
0.008265564591387815,"chocolate, mineral water, olive oil"
0.009332089054792695,"chocolate, mineral water, pancakes"
0.004532728969470737,"chocolate, mineral water, salmon"
0.007598986801759766,"chocolate, mineral water, shrimp"
0.005599253432875617,"chocolate, mineral water, soup"
0.01586455139314758,"chocolate, mineral water, spaghetti"
0.005732568990801226,"chocolate, mineral water, tomatoes"
0.0041327822956939075,"chocolate, mineral water, turkey"
0.0038661511798426876,"chocolate, mineral water, whole wheat rice"
0.003332888948140248,"chocolate, olive oil, pancakes"
0.007065724570057326,"chocolate, olive oil, spaghetti"
0.006799093454206106,"chocolate, pancakes, spaghetti"
0.003999466737768298,"chocolate, salmon, spaghetti"
0.006399146780429276,"chocolate, shrimp, spaghetti"
0.0030662578322890282,"chocolate, soup, spaghetti"
0.004932675643247567,"chocolate, spaghetti, tomatoes"
0.0034662045060658577,"chocolate, spaghetti, turkey"
0.0041327822956939075,"chocolate, spaghetti, whole wheat rice"
0.004666044527396347,"cookies, french fries, green tea"
0.003999466737768298,"cooking oil, eggs, milk"
0.006399146780429276,"cooking oil, eggs, mineral water"
0.0041327822956939075,"cooking oil, eggs, spaghetti"
0.003199573390214638,"cooking oil, green tea, mineral water"
0.003199573390214638,"cooking oil, ground beef, mineral water"
0.004799360085321957,"cooking oil, ground beef, spaghetti"
0.004666044527396347,"cooking oil, milk, mineral water"
0.0034662045060658577,"cooking oil, milk, spaghetti"
0.004666044527396347,"cooking oil, mineral water, pancakes"
0.007598986801759766,"cooking oil, mineral water, spaghetti"
0.003332888948140248,"cottage cheese, mineral water, spaghetti"
0.003199573390214638,"eggs, escalope, mineral water"
0.005199306759098787,"eggs, french fries, frozen vegetables"
0.007065724570057326,"eggs, french fries, green tea"
0.0035995200639914677,"eggs, french fries, ground beef"
0.0034662045060658577,"eggs, french fries, low fat yogurt"
0.007199040127982935,"eggs, french fries, milk"
0.006932409012131715,"eggs, french fries, mineral water"
0.004799360085321957,"eggs, french fries, pancakes"
0.007998933475536596,"eggs, french fries, spaghetti"
0.003332888948140248,"eggs, french fries, tomatoes"
0.0038661511798426876,"eggs, french fries, turkey"
0.0035995200639914677,"eggs, fresh bread, mineral water"
0.0041327822956939075,"eggs, frozen smoothie, mineral water"
0.003332888948140248,"eggs, frozen vegetables, green tea"
0.004399413411545127,"eggs, frozen vegetables, ground beef"
0.003199573390214638,"eggs, frozen vegetables, low fat yogurt"
0.007332355685908546,"eggs, frozen vegetables, milk"
0.009065457938941474,"eggs, frozen vegetables, mineral water"
0.0030662578322890282,"eggs, frozen vegetables, pancakes"
0.0037328356219170776,"eggs, frozen vegetables, shrimp"
0.005732568990801226,"eggs, frozen vegetables, spaghetti"
0.0030662578322890282,"eggs, frozen vegetables, tomatoes"
0.004399413411545127,"eggs, grated cheese, mineral water"
0.004266097853619517,"eggs, grated cheese, spaghetti"
0.0038661511798426876,"eggs, green tea, milk"
0.006932409012131715,"eggs, green tea, mineral water"
0.0035995200639914677,"eggs, green tea, pancakes"
0.005732568990801226,"eggs, green tea, spaghetti"
0.0038661511798426876,"eggs, green tea, turkey"
0.0041327822956939075,"eggs, ground beef, herb & pepper"
0.005865884548726837,"eggs, ground beef, milk"
0.010131982402346354,"eggs, ground beef, mineral water"
0.008932142381015865,"eggs, ground beef, spaghetti"
0.003332888948140248,"eggs, herb & pepper, milk"
0.005332622317024397,"eggs, herb & pepper, mineral water"
0.004799360085321957,"eggs, herb & pepper, spaghetti"
0.0037328356219170776,"eggs, low fat yogurt, milk"
0.0061325156645780565,"eggs, low fat yogurt, mineral water"
0.0037328356219170776,"eggs, low fat yogurt, spaghetti"
0.013064924676709772,"eggs, milk, mineral water"
0.0037328356219170776,"eggs, milk, olive oil"
0.004666044527396347,"eggs, milk, pancakes"
0.004266097853619517,"eggs, milk, shrimp"
0.008932142381015865,"eggs, milk, spaghetti"
0.0038661511798426876,"eggs, milk, turkey"
0.005865884548726837,"eggs, mineral water, olive oil"
0.007865617917610986,"eggs, mineral water, pancakes"
0.003332888948140248,"eggs, mineral water, red wine"
0.0035995200639914677,"eggs, mineral water, salmon"
0.005199306759098787,"eggs, mineral water, shrimp"
0.004932675643247567,"eggs, mineral water, soup"
0.014264764698040262,"eggs, mineral water, spaghetti"
0.005065991201173177,"eggs, mineral water, tomatoes"
0.005599253432875617,"eggs, mineral water, turkey"
0.0038661511798426876,"eggs, mineral water, whole wheat rice"
0.005065991201173177,"eggs, olive oil, spaghetti"
0.006665777896280496,"eggs, pancakes, spaghetti"
0.0037328356219170776,"eggs, red wine, spaghetti"
0.003199573390214638,"eggs, salmon, spaghetti"
0.003999466737768298,"eggs, shrimp, spaghetti"
0.003199573390214638,"eggs, soup, spaghetti"
0.0035995200639914677,"eggs, spaghetti, tomatoes"
0.005199306759098787,"eggs, spaghetti, turkey"
0.0034662045060658577,"escalope, french fries, spaghetti"
0.003332888948140248,"escalope, ground beef, spaghetti"
0.003999466737768298,"escalope, milk, mineral water"
0.004799360085321957,"escalope, mineral water, spaghetti"
0.0038661511798426876,"french fries, frozen smoothie, green tea"
0.0030662578322890282,"french fries, frozen smoothie, milk"
0.0035995200639914677,"french fries, frozen smoothie, mineral water"
0.0038661511798426876,"french fries, frozen vegetables, green tea"
0.005732568990801226,"french fries, frozen vegetables, milk"
0.0061325156645780565,"french fries, frozen vegetables, mineral water"
0.003199573390214638,"french fries, frozen vegetables, pancakes"
0.005332622317024397,"french fries, frozen vegetables, spaghetti"
0.003199573390214638,"french fries, frozen vegetables, tomatoes"
0.003999466737768298,"french fries, green tea, milk"
0.0061325156645780565,"french fries, green tea, mineral water"
0.004532728969470737,"french fries, green tea, pancakes"
0.005332622317024397,"french fries, green tea, spaghetti"
0.003199573390214638,"french fries, ground beef, herb & pepper"
0.0035995200639914677,"french fries, ground beef, milk"
0.005332622317024397,"french fries, ground beef, mineral water"
0.005599253432875617,"french fries, ground beef, spaghetti"
0.003332888948140248,"french fries, low fat yogurt, milk"
0.0037328356219170776,"french fries, low fat yogurt, mineral water"
0.0035995200639914677,"french fries, low fat yogurt, spaghetti"
0.008265564591387815,"french fries, milk, mineral water"
0.003199573390214638,"french fries, milk, olive oil"
0.0034662045060658577,"french fries, milk, pancakes"
0.0038661511798426876,"french fries, milk, shrimp"
0.006399146780429276,"french fries, milk, spaghetti"
0.003999466737768298,"french fries, mineral water, olive oil"
0.006532462338354886,"french fries, mineral water, pancakes"
0.003199573390214638,"french fries, mineral water, soup"
0.010131982402346354,"french fries, mineral water, spaghetti"
0.0035995200639914677,"french fries, mineral water, tomatoes"
0.0030662578322890282,"french fries, mineral water, whole wheat rice"
0.0034662045060658577,"french fries, olive oil, spaghetti"
0.005732568990801226,"french fries, pancakes, spaghetti"
0.0035995200639914677,"french fries, spaghetti, tomatoes"
0.003199573390214638,"french fries, spaghetti, whole wheat rice"
0.003332888948140248,"french wine, mineral water, spaghetti"
0.0030662578322890282,"fresh bread, frozen vegetables, mineral water"
0.003999466737768298,"fresh bread, milk, mineral water"
0.0035995200639914677,"fresh bread, mineral water, spaghetti"
0.003332888948140248,"frozen smoothie, frozen vegetables, mineral water"
0.0041327822956939075,"frozen smoothie, frozen vegetables, spaghetti"
0.0037328356219170776,"frozen smoothie, green tea, mineral water"
0.0034662045060658577,"frozen smoothie, ground beef, mineral water"
0.0030662578322890282,"frozen smoothie, ground beef, spaghetti"
0.0061325156645780565,"frozen smoothie, milk, mineral water"
0.005599253432875617,"frozen smoothie, milk, spaghetti"
0.0038661511798426876,"frozen smoothie, mineral water, pancakes"
0.006799093454206106,"frozen smoothie, mineral water, spaghetti"
0.0035995200639914677,"frozen smoothie, pancakes, spaghetti"
0.003199573390214638,"frozen vegetables, green tea, milk"
0.004532728969470737,"frozen vegetables, green tea, mineral water"
0.004266097853619517,"frozen vegetables, green tea, spaghetti"
0.003332888948140248,"frozen vegetables, green tea, tomatoes"
0.005732568990801226,"frozen vegetables, ground beef, milk"
0.009198773496867084,"frozen vegetables, ground beef, mineral water"
0.003332888948140248,"frozen vegetables, ground beef, olive oil"
0.003199573390214638,"frozen vegetables, ground beef, shrimp"
0.008665511265164644,"frozen vegetables, ground beef, spaghetti"
0.003199573390214638,"frozen vegetables, ground beef, tomatoes"
0.003199573390214638,"frozen vegetables, herb & pepper, mineral water"
0.0034662045060658577,"frozen vegetables, honey, mineral water"
0.0037328356219170776,"frozen vegetables, low fat yogurt, milk"
0.004532728969470737,"frozen vegetables, low fat yogurt, mineral water"
0.011065191307825623,"frozen vegetables, milk, mineral water"
0.004799360085321957,"frozen vegetables, milk, olive oil"
0.004666044527396347,"frozen vegetables, milk, shrimp"
0.003999466737768298,"frozen vegetables, milk, soup"
0.008265564591387815,"frozen vegetables, milk, spaghetti"
0.0041327822956939075,"frozen vegetables, milk, tomatoes"
0.0030662578322890282,"frozen vegetables, milk, whole wheat rice"
0.006532462338354886,"frozen vegetables, mineral water, olive oil"
0.0061325156645780565,"frozen vegetables, mineral water, pancakes"
0.0030662578322890282,"frozen vegetables, mineral water, salmon"
0.007199040127982935,"frozen vegetables, mineral water, shrimp"
0.005065991201173177,"frozen vegetables, mineral water, soup"
0.011998400213304892,"frozen vegetables, mineral water, spaghetti"
0.005865884548726837,"frozen vegetables, mineral water, tomatoes"
0.004399413411545127,"frozen vegetables, mineral water, turkey"
0.004399413411545127,"frozen vegetables, mineral water, whole wheat rice"
0.005732568990801226,"frozen vegetables, olive oil, spaghetti"
0.004399413411545127,"frozen vegetables, pancakes, spaghetti"
0.005999200106652446,"frozen vegetables, shrimp, spaghetti"
0.003999466737768298,"frozen vegetables, shrimp, tomatoes"
0.0035995200639914677,"frozen vegetables, soup, spaghetti"
0.006665777896280496,"frozen vegetables, spaghetti, tomatoes"
0.003199573390214638,"frozen vegetables, spaghetti, whole wheat rice"
0.003199573390214638,"grated cheese, green tea, spaghetti"
0.005065991201173177,"grated cheese, ground beef, mineral water"
0.005332622317024397,"grated cheese, ground beef, spaghetti"
0.0030662578322890282,"grated cheese, herb & pepper, spaghetti"
0.0035995200639914677,"grated cheese, milk, mineral water"
0.0035995200639914677,"grated cheese, milk, spaghetti"
0.0034662045060658577,"grated cheese, mineral water, pancakes"
0.006265831222503666,"grated cheese, mineral water, spaghetti"
0.0030662578322890282,"grated cheese, pancakes, spaghetti"
0.003332888948140248,"green tea, ground beef, milk"
0.005199306759098787,"green tea, ground beef, mineral water"
0.006399146780429276,"green tea, ground beef, spaghetti"
0.0030662578322890282,"green tea, ground beef, tomatoes"
0.005732568990801226,"green tea, milk, mineral water"
0.005199306759098787,"green tea, milk, spaghetti"
0.004266097853619517,"green tea, mineral water, olive oil"
0.005732568990801226,"green tea, mineral water, pancakes"
0.008265564591387815,"green tea, mineral water, spaghetti"
0.003199573390214638,"green tea, mineral water, tomatoes"
0.003332888948140248,"green tea, mineral water, turkey"
0.004532728969470737,"green tea, olive oil, spaghetti"
0.004932675643247567,"green tea, pancakes, spaghetti"
0.0035995200639914677,"green tea, spaghetti, tomatoes"
0.0030662578322890282,"green tea, spaghetti, turkey"
0.0035995200639914677,"ground beef, herb & pepper, milk"
0.006665777896280496,"ground beef, herb & pepper, mineral water"
0.006399146780429276,"ground beef, herb & pepper, spaghetti"
0.0030662578322890282,"ground beef, low fat yogurt, milk"
0.004799360085321957,"ground beef, low fat yogurt, mineral water"
0.003999466737768298,"ground beef, low fat yogurt, spaghetti"
0.011065191307825623,"ground beef, milk, mineral water"
0.004932675643247567,"ground beef, milk, olive oil"
0.0034662045060658577,"ground beef, milk, pancakes"
0.003999466737768298,"ground beef, milk, soup"
0.009732035728569524,"ground beef, milk, spaghetti"
0.003332888948140248,"ground beef, milk, turkey"
0.006665777896280496,"ground beef, mineral water, olive oil"
0.007465671243834155,"ground beef, mineral water, pancakes"
0.0038661511798426876,"ground beef, mineral water, salmon"
0.005065991201173177,"ground beef, mineral water, shrimp"
0.005065991201173177,"ground beef, mineral water, soup"
0.017064391414478068,"ground beef, mineral water, spaghetti"
0.005465937874950006,"ground beef, mineral water, tomatoes"
0.0038661511798426876,"ground beef, mineral water, turkey"
0.0038661511798426876,"ground beef, mineral water, whole wheat rice"
0.0061325156645780565,"ground beef, olive oil, spaghetti"
0.006399146780429276,"ground beef, pancakes, spaghetti"
0.003332888948140248,"ground beef, pepper, spaghetti"
0.0038661511798426876,"ground beef, salmon, spaghetti"
0.005999200106652446,"ground beef, shrimp, spaghetti"
0.0038661511798426876,"ground beef, soup, spaghetti"
0.0030662578322890282,"ground beef, spaghetti, tomato sauce"
0.005599253432875617,"ground beef, spaghetti, tomatoes"
0.0037328356219170776,"ham, mineral water, spaghetti"
0.0041327822956939075,"herb & pepper, milk, mineral water"
0.003199573390214638,"herb & pepper, milk, spaghetti"
0.0035995200639914677,"herb & pepper, mineral water, pancakes"
0.005999200106652446,"herb & pepper, mineral water, spaghetti"
0.0035995200639914677,"herb & pepper, pancakes, spaghetti"
0.003332888948140248,"honey, milk, mineral water"
0.003332888948140248,"honey, mineral water, spaghetti"
0.0037328356219170776,"hot dogs, mineral water, spaghetti"
0.003199573390214638,"light cream, mineral water, spaghetti"
0.004799360085321957,"low fat yogurt, milk, mineral water"
0.004399413411545127,"low fat yogurt, milk, spaghetti"
0.004266097853619517,"low fat yogurt, mineral water, pancakes"
0.005599253432875617,"low fat yogurt, mineral water, spaghetti"
0.003332888948140248,"low fat yogurt, pancakes, spaghetti"
0.008532195707239034,"milk, mineral water, olive oil"
0.007865617917610986,"milk, mineral water, pancakes"
0.004399413411545127,"milk, mineral water, salmon"
0.007865617917610986,"milk, mineral water, shrimp"
0.008532195707239034,"milk, mineral water, soup"
0.01573123583522197,"milk, mineral water, spaghetti"
0.006532462338354886,"milk, mineral water, tomatoes"
0.0061325156645780565,"milk, mineral water, turkey"
0.005065991201173177,"milk, mineral water, whole wheat rice"
0.0030662578322890282,"milk, olive oil, pancakes"
0.003199573390214638,"milk, olive oil, shrimp"
0.0035995200639914677,"milk, olive oil, soup"
0.007199040127982935,"milk, olive oil, spaghetti"
0.003332888948140248,"milk, pancakes, shrimp"
0.004932675643247567,"milk, pancakes, spaghetti"
0.0034662045060658577,"milk, salmon, spaghetti"
0.004932675643247567,"milk, shrimp, spaghetti"
0.004532728969470737,"milk, soup, spaghetti"
0.0030662578322890282,"milk, soup, tomatoes"
0.005865884548726837,"milk, spaghetti, tomatoes"
0.004799360085321957,"milk, spaghetti, turkey"
0.003999466737768298,"milk, spaghetti, whole wheat pasta"
0.0037328356219170776,"milk, spaghetti, whole wheat rice"
0.004666044527396347,"mineral water, olive oil, pancakes"
0.004532728969470737,"mineral water, olive oil, shrimp"
0.005199306759098787,"mineral water, olive oil, soup"
0.010265297960271964,"mineral water, olive oil, spaghetti"
0.0041327822956939075,"mineral water, olive oil, tomatoes"
0.0038661511798426876,"mineral water, olive oil, whole wheat pasta"
0.004532728969470737,"mineral water, pancakes, shrimp"
0.004266097853619517,"mineral water, pancakes, soup"
0.011465137981602452,"mineral water, pancakes, spaghetti"
0.004666044527396347,"mineral water, pancakes, tomatoes"
0.003332888948140248,"mineral water, pancakes, turkey"
0.0041327822956939075,"mineral water, pancakes, whole wheat rice"
0.003999466737768298,"mineral water, red wine, spaghetti"
0.006799093454206106,"mineral water, salmon, spaghetti"
0.008532195707239034,"mineral water, shrimp, spaghetti"
0.007465671243834155,"mineral water, soup, spaghetti"
0.0037328356219170776,"mineral water, soup, tomatoes"
0.009332089054792695,"mineral water, spaghetti, tomatoes"
0.006399146780429276,"mineral water, spaghetti, turkey"
0.0035995200639914677,"mineral water, spaghetti, whole wheat pasta"
0.006265831222503666,"mineral water, spaghetti, whole wheat rice"
0.005065991201173177,"olive oil, pancakes, spaghetti"
0.0035995200639914677,"olive oil, shrimp, spaghetti"
0.004399413411545127,"olive oil, spaghetti, tomatoes"
0.0037328356219170776,"pancakes, shrimp, spaghetti"
0.003332888948140248,"pancakes, spaghetti, tomatoes"
0.0037328356219170776,"pancakes, spaghetti, turkey"
0.003999466737768298,"shrimp, spaghetti, tomatoes"
0.0030662578322890282,"spaghetti, tomatoes, whole wheat rice"
